{
"skeleton": {
	"hash": "ICWZY8SKqy9m9/brYSEPBSGMxGA",
	"spine": "3.8.79",
	"x": 295.45,
	"y": -74.4,
	"width": 127,
	"height": 169,
	"images": "./images/",
	"audio": ""
},
"bones": [
	{ "name": "root" }
],
"slots": [
	{ "name": "bloom-ring-1", "bone": "root", "attachment": "bloom-ring-8" }
],
"skins": [
	{
		"name": "default",
		"attachments": {
			"bloom-ring-1": {
				"bloom-ring-1": { "width": 254, "height": 135 },
				"bloom-ring-2": { "x": 1.71, "y": -1.7, "width": 433, "height": 195 },
				"bloom-ring-3": { "x": 6.82, "y": -4.43, "width": 614, "height": 258 },
				"bloom-ring-4": { "x": 10.08, "y": -4.61, "width": 753, "height": 307 },
				"bloom-ring-5": { "x": 4.14, "y": -1.55, "width": 675, "height": 280 },
				"bloom-ring-6": { "x": 4.66, "y": -1.33, "width": 699, "height": 309 },
				"bloom-ring-7": { "x": 114.29, "y": -0.67, "width": 567, "height": 324 },
				"bloom-ring-8": { "x": 358.95, "y": 10.1, "width": 127, "height": 169 }
			}
		}
	}
],
"animations": {
	"animation": {
		"slots": {
			"bloom-ring-1": {
				"attachment": [
					{ "name": null },
					{ "time": 0.0333, "name": "bloom-ring-1" },
					{ "time": 0.0667, "name": "bloom-ring-2" },
					{ "time": 0.1, "name": "bloom-ring-3" },
					{ "time": 0.1333, "name": "bloom-ring-4" },
					{ "time": 0.1667, "name": "bloom-ring-5" },
					{ "time": 0.2, "name": "bloom-ring-6" },
					{ "time": 0.2333, "name": "bloom-ring-7" },
					{ "time": 0.2667, "name": "bloom-ring-8" },
					{ "time": 0.3, "name": null },
					{ "time": 0.3333, "name": null }
				]
			}
		}
	}
}
}