{
"skeleton": {
	"hash": "OCkKxLpgIKoweMyHotTaKh28qLI",
	"spine": "3.8.79",
	"x": -405.01,
	"y": -356.52,
	"width": 358,
	"height": 630,
	"images": "./images/",
	"audio": ""
},
"bones": [
	{ "name": "root", "y": -94.85 },
	{ "name": "single-smash", "parent": "root", "y": 94.85 }
],
"slots": [
	{ "name": "single-smash", "bone": "single-smash", "attachment": "single-smash-1" }
],
"skins": [
	{
		"name": "aqua-single-smash",
		"attachments": {
			"single-smash": {
				"single-smash-1": { "name": "aqua-single-smash-1", "x": -226.01, "y": -41.52, "width": 357, "height": 630 },
				"single-smash-2": { "name": "aqua-single-smash-2", "x": -227.91, "y": -108.11, "width": 351, "height": 488 },
				"single-smash-3": { "name": "aqua-single-smash-3", "x": -215, "y": -191.33, "width": 337, "height": 314 },
				"single-smash-4": { "name": "aqua-single-smash-4", "x": -177.47, "y": -257.9, "width": 280, "height": 186 }
			}
		}
	},
	{
		"name": "beast-single-smash",
		"attachments": {
			"single-smash": {
				"single-smash-1": { "name": "beast-single-smash-1", "x": -226.01, "y": -41.52, "width": 358, "height": 630 },
				"single-smash-2": { "name": "beast-single-smash-2", "x": -227.91, "y": -108.11, "width": 352, "height": 488 },
				"single-smash-3": { "name": "beast-single-smash-3", "x": -215, "y": -191.33, "width": 338, "height": 314 },
				"single-smash-4": { "name": "beast-single-smash-4", "x": -177.47, "y": -257.9, "width": 280, "height": 186 }
			}
		}
	},
	{
		"name": "bird-single-smash",
		"attachments": {
			"single-smash": {
				"single-smash-1": { "name": "bird-single-smash-1", "x": -226.01, "y": -41.52, "width": 358, "height": 629 },
				"single-smash-2": { "name": "bird-single-smash-2", "x": -227.91, "y": -108.11, "width": 352, "height": 488 },
				"single-smash-3": { "name": "bird-single-smash-3", "x": -215, "y": -191.33, "width": 338, "height": 314 },
				"single-smash-4": { "name": "bird-single-smash-4", "x": -177.47, "y": -257.9, "width": 280, "height": 186 }
			}
		}
	},
	{
		"name": "bug-single-smash",
		"attachments": {
			"single-smash": {
				"single-smash-1": { "name": "bug-single-smash-1", "x": -226.01, "y": -41.52, "width": 358, "height": 630 },
				"single-smash-2": { "name": "bug-single-smash-2", "x": -227.91, "y": -108.11, "width": 352, "height": 488 },
				"single-smash-3": { "name": "bug-single-smash-3", "x": -215, "y": -191.33, "width": 338, "height": 314 },
				"single-smash-4": { "name": "bug-single-smash-4", "x": -177.47, "y": -257.9, "width": 280, "height": 186 }
			}
		}
	},
	{
		"name": "plant-single-smash",
		"attachments": {
			"single-smash": {
				"single-smash-1": { "name": "plant-single-smash-1", "x": -226.01, "y": -41.52, "width": 358, "height": 629 },
				"single-smash-2": { "name": "plant-single-smash-2", "x": -227.91, "y": -108.11, "width": 352, "height": 488 },
				"single-smash-3": { "name": "plant-single-smash-3", "x": -215, "y": -191.33, "width": 338, "height": 314 },
				"single-smash-4": { "name": "plant-single-smash-4", "x": -177.47, "y": -257.9, "width": 280, "height": 185 }
			}
		}
	},
	{
		"name": "reptile-single-smash",
		"attachments": {
			"single-smash": {
				"single-smash-1": { "name": "reptile-single-smash-1", "x": -226.01, "y": -41.52, "width": 358, "height": 630 },
				"single-smash-2": { "name": "reptile-single-smash-2", "x": -227.91, "y": -108.11, "width": 352, "height": 487 },
				"single-smash-3": { "name": "reptile-single-smash-3", "x": -215, "y": -191.33, "width": 338, "height": 314 },
				"single-smash-4": { "name": "reptile-single-smash-4", "x": -177.47, "y": -257.9, "width": 280, "height": 186 }
			}
		}
	}
],
"animations": {
	"animation": {
		"slots": {
			"single-smash": {
				"attachment": [
					{ "name": "single-smash-1" },
					{ "time": 0.1333, "name": "single-smash-2" },
					{ "time": 0.2, "name": "single-smash-3" },
					{ "time": 0.2333, "name": "single-smash-4" },
					{ "time": 0.2667, "name": null }
				]
			}
		},
		"bones": {
			"single-smash": {
				"rotate": [
					{ "curve": 0.315, "c4": 0.8 },
					{ "time": 0.2667, "angle": 3 }
				]
			}
		}
	}
}
}