{
"skeleton": {
	"hash": "iKf+UieXg8RPID57hVjNqARevr8",
	"spine": "3.8.79",
	"x": -244.31,
	"y": -126.07,
	"width": 533,
	"height": 265,
	"images": "./images/",
	"audio": ""
},
"bones": [
	{ "name": "root" },
	{ "name": "curve-slash-1", "parent": "root" }
],
"slots": [
	{ "name": "curve-slash-1", "bone": "curve-slash-1", "attachment": "curve-slash-1-1" }
],
"skins": [
	{
		"name": "default",
		"attachments": {
			"curve-slash-1": {
				"curve-slash-1-1": { "x": 22.19, "y": 6.43, "scaleX": -1, "width": 533, "height": 265 },
				"curve-slash-1-2": { "x": -63.46, "y": 177.97, "scaleX": -1, "width": 553, "height": 517 },
				"curve-slash-1-3": { "x": -63.47, "y": 253.61, "scaleX": -1, "width": 551, "height": 666 },
				"curve-slash-1-4": { "x": -186.32, "y": 301.48, "scaleX": -1, "width": 294, "height": 584 },
				"curve-slash-1-5": { "x": -167.55, "y": 290.05, "scaleX": -1, "width": 259, "height": 655 }
			}
		}
	}
],
"animations": {
	"animation": {
		"slots": {
			"curve-slash-1": {
				"attachment": [
					{ "name": null },
					{ "time": 0.0333, "name": "curve-slash-1-1" },
					{ "time": 0.0667, "name": "curve-slash-1-2" },
					{ "time": 0.1, "name": "curve-slash-1-3" },
					{ "time": 0.1333, "name": "curve-slash-1-4" },
					{ "time": 0.1667, "name": "curve-slash-1-5" },
					{ "time": 0.2, "name": null }
				]
			}
		}
	}
}
}