{
"skeleton": {
	"hash": "dUrP7gCKdP1dBcpc+nBXSmJO5h4",
	"spine": "3.8.79",
	"x": -172.08,
	"y": 178.16,
	"width": 303.06,
	"height": 175.1,
	"images": "./images/",
	"audio": ""
},
"bones": [
	{ "name": "root", "rotation": 89.98, "scaleX": -1 }
],
"slots": [
	{ "name": "curve-slash-1", "bone": "root", "attachment": "curve-slash-1" }
],
"skins": [
	{
		"name": "default",
		"attachments": {
			"curve-slash-1": {
				"curve-slash-1": { "x": -265.7, "y": 20.65, "width": 175, "height": 303 },
				"curve-slash-2": { "x": -199.89, "y": 109.47, "width": 285, "height": 444 },
				"curve-slash-3": { "x": -35.02, "y": 163.53, "width": 575, "height": 485 },
				"curve-slash-4": { "x": 22.65, "y": 166.55, "width": 580, "height": 439 },
				"curve-slash-5": { "x": 40.01, "y": 182.96, "width": 548, "height": 416 },
				"curve-slash-6": { "x": 36.57, "y": 207.72, "width": 540, "height": 257 }
			}
		}
	}
],
"animations": {
	"animation": {
		"slots": {
			"curve-slash-1": {
				"attachment": [
					{ "name": null },
					{ "time": 0.0333, "name": "curve-slash-1" },
					{ "time": 0.0667, "name": "curve-slash-2" },
					{ "time": 0.1, "name": "curve-slash-3" },
					{ "time": 0.1333, "name": "curve-slash-4" },
					{ "time": 0.1667, "name": "curve-slash-5" },
					{ "time": 0.2, "name": "curve-slash-6" },
					{ "time": 0.2333, "name": null },
					{ "time": 0.2667, "name": null }
				]
			}
		}
	}
}
}