{
"skeleton": {
	"hash": "Big0j9+degXHJ/plLNBbNUg+bws",
	"spine": "3.8.79",
	"x": -120.15,
	"y": -0.1,
	"width": 235,
	"height": 398,
	"images": "./images/",
	"audio": ""
},
"bones": [
	{ "name": "root" }
],
"slots": [
	{ "name": "ground-smoke-impact-1", "bone": "root", "attachment": "ground-smoke-impact-1" }
],
"skins": [
	{
		"name": "default",
		"attachments": {
			"ground-smoke-impact-1": {
				"ground-smoke-impact-1": { "x": -2.65, "y": 198.9, "width": 235, "height": 398 },
				"ground-smoke-impact-2": { "x": -26.53, "y": 184.92, "width": 261, "height": 369 },
				"ground-smoke-impact-3": { "x": -32.23, "y": 116.44, "width": 388, "height": 240 },
				"ground-smoke-impact-4": { "x": -10.83, "y": 127.39, "width": 526, "height": 254 },
				"ground-smoke-impact-5": { "x": -30.05, "y": 126.15, "width": 777, "height": 260 },
				"ground-smoke-impact-6": { "x": -4.01, "y": 123.61, "width": 773, "height": 264 },
				"ground-smoke-impact-7": { "x": -105.81, "y": 132.11, "width": 793, "height": 300 },
				"ground-smoke-impact-8": { "x": -107.25, "y": 111.69, "width": 891, "height": 286 },
				"ground-smoke-impact-9": { "x": -41.16, "y": 65.65, "width": 846, "height": 186 },
				"ground-smoke-impact-10": { "x": -48.42, "y": 75.56, "width": 915, "height": 191 },
				"ground-smoke-impact-11": { "x": -44.53, "y": 87.63, "width": 977, "height": 197 },
				"ground-smoke-impact-12": { "x": -66.18, "y": 119.86, "width": 979, "height": 171 },
				"ground-smoke-impact-13": { "x": -47.42, "y": 134.04, "width": 1053, "height": 173 },
				"ground-smoke-impact-14": { "x": -64.46, "y": 151.6, "width": 1050, "height": 142 },
				"ground-smoke-impact-15": { "x": -67.06, "y": 151.82, "width": 1073, "height": 130 }
			}
		}
	}
],
"animations": {
	"animation": {
		"slots": {
			"ground-smoke-impact-1": {
				"attachment": [
					{ "name": null },
					{ "time": 0.0333, "name": "ground-smoke-impact-1" },
					{ "time": 0.0667, "name": "ground-smoke-impact-2" },
					{ "time": 0.1, "name": "ground-smoke-impact-3" },
					{ "time": 0.1333, "name": "ground-smoke-impact-4" },
					{ "time": 0.1667, "name": "ground-smoke-impact-5" },
					{ "time": 0.2, "name": "ground-smoke-impact-6" },
					{ "time": 0.2333, "name": "ground-smoke-impact-7" },
					{ "time": 0.2667, "name": "ground-smoke-impact-8" },
					{ "time": 0.3, "name": "ground-smoke-impact-9" },
					{ "time": 0.3333, "name": "ground-smoke-impact-10" },
					{ "time": 0.3667, "name": "ground-smoke-impact-11" },
					{ "time": 0.4, "name": "ground-smoke-impact-12" },
					{ "time": 0.4333, "name": "ground-smoke-impact-13" },
					{ "time": 0.4667, "name": "ground-smoke-impact-14" },
					{ "time": 0.5, "name": "ground-smoke-impact-15" },
					{ "time": 0.5333, "name": null }
				]
			}
		}
	}
}
}