{
"skeleton": {
	"hash": "2aS86MGywH9YaOZZyWwdjtSoeUc",
	"spine": "3.8.79",
	"x": -251.12,
	"y": -171.4,
	"width": 386.08,
	"height": 386.08,
	"images": "./images/",
	"audio": ""
},
"bones": [
	{ "name": "root", "y": -93.13 },
	{ "name": "head-impact", "parent": "root", "rotation": 45, "y": 93.13 }
],
"slots": [
	{ "name": "head-impact", "bone": "head-impact", "attachment": "head-impact-1" }
],
"skins": [
	{
		"name": "aqua",
		"attachments": {
			"head-impact": {
				"head-impact-1": { "name": "aqua-head-impact-1", "x": -25.77, "y": 56.37, "width": 257, "height": 289 },
				"head-impact-2": { "name": "aqua-head-impact-2", "x": -30.36, "y": 74.14, "width": 267, "height": 291 },
				"head-impact-3": { "name": "aqua-head-impact-3", "x": -42.9, "y": 93.44, "width": 283, "height": 293 },
				"head-impact-4": { "name": "aqua-head-impact-4", "x": -57.19, "y": 111.13, "width": 287, "height": 285 }
			}
		}
	},
	{
		"name": "beast",
		"attachments": {
			"head-impact": {
				"head-impact-1": { "name": "beast-head-impact-1", "x": -25.77, "y": 56.37, "width": 257, "height": 289 },
				"head-impact-2": { "name": "beast-head-impact-2", "x": -30.36, "y": 74.14, "width": 267, "height": 291 },
				"head-impact-3": { "name": "beast-head-impact-3", "x": -42.9, "y": 93.44, "width": 283, "height": 293 },
				"head-impact-4": { "name": "beast-head-impact-4", "x": -57.19, "y": 111.13, "width": 287, "height": 285 }
			}
		}
	},
	{
		"name": "bird",
		"attachments": {
			"head-impact": {
				"head-impact-1": { "name": "bird-head-impact-1", "x": -25.77, "y": 56.37, "width": 257, "height": 289 },
				"head-impact-2": { "name": "bird-head-impact-2", "x": -30.36, "y": 74.14, "width": 267, "height": 291 },
				"head-impact-3": { "name": "bird-head-impact-3", "x": -42.9, "y": 93.44, "width": 282, "height": 293 },
				"head-impact-4": { "name": "bird-head-impact-4", "x": -57.19, "y": 111.13, "width": 288, "height": 285 }
			}
		}
	},
	{
		"name": "bug",
		"attachments": {
			"head-impact": {
				"head-impact-1": { "name": "bug-head-impact-1", "x": -25.77, "y": 56.37, "width": 257, "height": 289 },
				"head-impact-2": { "name": "bug-head-impact-2", "x": -30.36, "y": 74.14, "width": 267, "height": 290 },
				"head-impact-3": { "name": "bug-head-impact-3", "x": -42.9, "y": 93.44, "width": 283, "height": 293 },
				"head-impact-4": { "name": "bug-head-impact-4", "x": -57.19, "y": 111.13, "width": 288, "height": 284 }
			}
		}
	},
	{
		"name": "plant",
		"attachments": {
			"head-impact": {
				"head-impact-1": { "name": "plant-head-impact-1", "x": -25.77, "y": 56.37, "width": 257, "height": 289 },
				"head-impact-2": { "name": "plant-head-impact-2", "x": -30.36, "y": 74.14, "width": 267, "height": 291 },
				"head-impact-3": { "name": "plant-head-impact-3", "x": -42.9, "y": 93.44, "width": 282, "height": 293 },
				"head-impact-4": { "name": "plant-head-impact-4", "x": -57.19, "y": 111.13, "width": 288, "height": 285 }
			}
		}
	},
	{
		"name": "reptile",
		"attachments": {
			"head-impact": {
				"head-impact-1": { "name": "reptile-head-impact-1", "x": -25.77, "y": 56.37, "width": 257, "height": 289 },
				"head-impact-2": { "name": "reptile-head-impact-2", "x": -30.36, "y": 74.14, "width": 267, "height": 291 },
				"head-impact-3": { "name": "reptile-head-impact-3", "x": -42.9, "y": 93.44, "width": 282, "height": 293 },
				"head-impact-4": { "name": "reptile-head-impact-4", "x": -57.19, "y": 111.13, "width": 287, "height": 284 }
			}
		}
	}
],
"animations": {
	"play": {
		"slots": {
			"head-impact": {
				"attachment": [
					{ "name": "head-impact-1" },
					{ "time": 0.0667, "name": "head-impact-2" },
					{ "time": 0.1333, "name": "head-impact-3" },
					{ "time": 0.1667, "name": "head-impact-4" },
					{ "time": 0.2, "name": null }
				]
			}
		}
	}
}
}