{
"skeleton": {
	"hash": "L/9giZjDKjuH5VsUqXmMCmRsbjs",
	"spine": "3.8.79",
	"x": -272.66,
	"y": 306.53,
	"width": 554.97,
	"height": 563.07,
	"images": "./images/",
	"audio": ""
},
"bones": [
	{ "name": "root", "y": 168.42 },
	{
		"name": "heal-1-a",
		"parent": "root",
		"x": 18.15,
		"y": 530.95,
		"scaleX": 0.35,
		"scaleY": 0.35,
		"color": "d72323ff"
	},
	{ "name": "heal-2", "parent": "heal-1-a" },
	{ "name": "heal-3", "parent": "heal-2" },
	{
		"name": "heal-1-b",
		"parent": "root",
		"x": -140.12,
		"y": 567.29,
		"scaleX": 0.25,
		"scaleY": 0.25,
		"color": "d72323ff"
	},
	{ "name": "heal-4", "parent": "heal-1-b" },
	{ "name": "heal-5", "parent": "heal-4" },
	{
		"name": "heal-1-c",
		"parent": "root",
		"x": 194.1,
		"y": 480.99,
		"scaleX": 0.4,
		"scaleY": 0.4,
		"color": "d72323ff"
	},
	{ "name": "heal-6", "parent": "heal-1-c" },
	{ "name": "heal-7", "parent": "heal-6" },
	{
		"name": "heal-1-d",
		"parent": "root",
		"x": -198.66,
		"y": 208.71,
		"scaleX": 0.4,
		"scaleY": 0.4,
		"color": "d72323ff"
	},
	{ "name": "heal-8", "parent": "heal-1-d" },
	{ "name": "heal-9", "parent": "heal-8" },
	{
		"name": "heal-1-e",
		"parent": "root",
		"x": -188.38,
		"y": 389.03,
		"scaleX": 0.35,
		"scaleY": 0.35,
		"color": "d72323ff"
	},
	{ "name": "heal-10", "parent": "heal-1-e" },
	{ "name": "heal-11", "parent": "heal-10" },
	{
		"name": "heal-1-f",
		"parent": "root",
		"x": 49.88,
		"y": 665.88,
		"scaleX": 0.2,
		"scaleY": 0.2,
		"color": "d72323ff"
	},
	{ "name": "heal-12", "parent": "heal-1-f" },
	{ "name": "heal-13", "parent": "heal-12" },
	{
		"name": "heal-1-g",
		"parent": "root",
		"x": 2.05,
		"y": 343.86,
		"scaleX": 0.45,
		"scaleY": 0.45,
		"color": "d72323ff"
	},
	{ "name": "heal-14", "parent": "heal-1-g" },
	{ "name": "heal-15", "parent": "heal-14" },
	{
		"name": "heal-1-h",
		"parent": "root",
		"x": 208.31,
		"y": 297.08,
		"scaleX": 0.4,
		"scaleY": 0.4,
		"color": "d72323ff"
	},
	{ "name": "heal-16", "parent": "heal-1-h" },
	{ "name": "heal-17", "parent": "heal-16" }
],
"slots": [
	{ "name": "heal-1", "bone": "heal-1-a", "attachment": "heal-1" },
	{ "name": "heal-4", "bone": "heal-1-b", "attachment": "heal-1" },
	{ "name": "heal-7", "bone": "heal-1-c", "attachment": "heal-1" },
	{ "name": "heal-10", "bone": "heal-1-d", "attachment": "heal-1" },
	{ "name": "heal-13", "bone": "heal-1-e", "attachment": "heal-1" },
	{ "name": "heal-16", "bone": "heal-1-f", "attachment": "heal-1" },
	{ "name": "heal-19", "bone": "heal-1-g", "attachment": "heal-1" },
	{ "name": "heal-22", "bone": "heal-1-h", "attachment": "heal-1" },
	{ "name": "heal-2", "bone": "heal-2", "attachment": "heal-2" },
	{ "name": "heal-5", "bone": "heal-4", "attachment": "heal-2" },
	{ "name": "heal-8", "bone": "heal-6", "attachment": "heal-2" },
	{ "name": "heal-11", "bone": "heal-8", "attachment": "heal-2" },
	{ "name": "heal-14", "bone": "heal-10", "attachment": "heal-2" },
	{ "name": "heal-17", "bone": "heal-12", "attachment": "heal-2" },
	{ "name": "heal-20", "bone": "heal-14", "attachment": "heal-2" },
	{ "name": "heal-23", "bone": "heal-16", "attachment": "heal-2" },
	{ "name": "heal-3", "bone": "heal-3", "attachment": "heal-3" },
	{ "name": "heal-6", "bone": "heal-5", "attachment": "heal-3" },
	{ "name": "heal-9", "bone": "heal-7", "attachment": "heal-3" },
	{ "name": "heal-12", "bone": "heal-9", "attachment": "heal-3" },
	{ "name": "heal-15", "bone": "heal-11", "attachment": "heal-3" },
	{ "name": "heal-18", "bone": "heal-13", "attachment": "heal-3" },
	{ "name": "heal-21", "bone": "heal-15", "attachment": "heal-3" },
	{ "name": "heal-24", "bone": "heal-17", "attachment": "heal-3" }
],
"skins": [
	{
		"name": "default",
		"attachments": {
			"heal-1": {
				"heal-1": { "width": 370, "height": 353 }
			},
			"heal-10": {
				"heal-1": { "width": 370, "height": 353 }
			},
			"heal-11": {
				"heal-2": { "width": 170, "height": 161 }
			},
			"heal-12": {
				"heal-3": { "width": 176, "height": 177 }
			},
			"heal-13": {
				"heal-1": { "width": 370, "height": 353 }
			},
			"heal-14": {
				"heal-2": { "width": 170, "height": 161 }
			},
			"heal-15": {
				"heal-3": { "width": 176, "height": 177 }
			},
			"heal-16": {
				"heal-1": { "width": 370, "height": 353 }
			},
			"heal-17": {
				"heal-2": { "width": 170, "height": 161 }
			},
			"heal-18": {
				"heal-3": { "width": 176, "height": 177 }
			},
			"heal-19": {
				"heal-1": { "width": 370, "height": 353 }
			},
			"heal-2": {
				"heal-2": { "width": 170, "height": 161 }
			},
			"heal-20": {
				"heal-2": { "width": 170, "height": 161 }
			},
			"heal-21": {
				"heal-3": { "width": 176, "height": 177 }
			},
			"heal-22": {
				"heal-1": { "width": 370, "height": 353 }
			},
			"heal-23": {
				"heal-2": { "width": 170, "height": 161 }
			},
			"heal-24": {
				"heal-3": { "width": 176, "height": 177 }
			},
			"heal-3": {
				"heal-3": { "width": 176, "height": 177 }
			},
			"heal-4": {
				"heal-1": { "width": 370, "height": 353 }
			},
			"heal-5": {
				"heal-2": { "width": 170, "height": 161 }
			},
			"heal-6": {
				"heal-3": { "width": 176, "height": 177 }
			},
			"heal-7": {
				"heal-1": { "width": 370, "height": 353 }
			},
			"heal-8": {
				"heal-2": { "width": 170, "height": 161 }
			},
			"heal-9": {
				"heal-3": { "width": 176, "height": 177 }
			}
		}
	}
],
"animations": {
	"animation": {
		"slots": {
			"heal-1": {
				"color": [
					{ "color": "ffffff00", "curve": "stepped" },
					{ "time": 0.2333, "color": "ffffff00", "curve": 0, "c2": 0.2, "c3": 0.694 },
					{ "time": 0.3667, "color": "ffffffbd", "curve": 0.313, "c3": 0.691 },
					{ "time": 0.5667, "color": "ffffff48", "curve": 0.313, "c3": 0.691 },
					{ "time": 0.7667, "color": "ffffffbb", "curve": 0, "c2": 0.2, "c3": 0.694 },
					{ "time": 0.9, "color": "ffffff00" }
				]
			},
			"heal-2": {
				"color": [
					{ "color": "ffffff00", "curve": "stepped" },
					{ "time": 0.2333, "color": "ffffff00", "curve": 0, "c2": 0.2, "c3": 0.694 },
					{ "time": 0.3667, "color": "ffffffbd", "curve": 0.313, "c3": 0.691 },
					{ "time": 0.5667, "color": "ffffff48", "curve": 0.313, "c3": 0.691 },
					{ "time": 0.7667, "color": "ffffffbb", "curve": 0, "c2": 0.2, "c3": 0.694 },
					{ "time": 0.9, "color": "ffffff00" }
				]
			},
			"heal-3": {
				"color": [
					{ "color": "ffffff00", "curve": "stepped" },
					{ "time": 0.2333, "color": "ffffff00", "curve": 0, "c2": 0.2, "c3": 0.694 },
					{ "time": 0.3667, "color": "ffffffdb", "curve": 0.313, "c3": 0.691 },
					{ "time": 0.5667, "color": "ffffffb0", "curve": 0.313, "c3": 0.691 },
					{ "time": 0.7667, "color": "ffffffe6", "curve": 0, "c2": 0.2, "c3": 0.694 },
					{ "time": 0.9, "color": "ffffff00" }
				]
			},
			"heal-4": {
				"color": [
					{ "color": "ffffff00", "curve": "stepped" },
					{ "time": 0.0667, "color": "ffffff00", "curve": 0, "c2": 0.2, "c3": 0.694 },
					{ "time": 0.2333, "color": "ffffffc3", "curve": 0.313, "c3": 0.691 },
					{ "time": 0.4333, "color": "ffffff4e", "curve": 0.313, "c3": 0.691 },
					{ "time": 0.6, "color": "ffffffbd", "curve": 0, "c2": 0.2, "c3": 0.694 },
					{ "time": 0.7667, "color": "ffffff00" }
				]
			},
			"heal-5": {
				"color": [
					{ "color": "ffffff00", "curve": "stepped" },
					{ "time": 0.0667, "color": "ffffff00", "curve": 0, "c2": 0.2, "c3": 0.694 },
					{ "time": 0.2, "color": "ffffffc3", "curve": 0.313, "c3": 0.691 },
					{ "time": 0.4333, "color": "ffffff4e", "curve": 0.313, "c3": 0.691 },
					{ "time": 0.6, "color": "ffffffbd", "curve": 0, "c2": 0.2, "c3": 0.694 },
					{ "time": 0.7333, "color": "ffffff00" }
				]
			},
			"heal-6": {
				"color": [
					{ "color": "ffffff00", "curve": "stepped" },
					{ "time": 0.0667, "color": "ffffff00", "curve": 0, "c2": 0.2, "c3": 0.694 },
					{ "time": 0.2, "color": "ffffffe8", "curve": 0.313, "c3": 0.691 },
					{ "time": 0.4333, "color": "ffffffba", "curve": 0.313, "c3": 0.691 },
					{ "time": 0.6, "color": "ffffffee", "curve": 0, "c2": 0.2, "c3": 0.694 },
					{ "time": 0.7333, "color": "ffffff00" }
				]
			},
			"heal-7": {
				"color": [
					{ "color": "ffffff00", "curve": "stepped" },
					{ "time": 0.1667, "color": "ffffff00", "curve": 0, "c2": 0.2, "c3": 0.694 },
					{ "time": 0.3333, "color": "ffffffbd", "curve": 0.313, "c3": 0.691 },
					{ "time": 0.5, "color": "ffffff5b", "curve": 0.313, "c3": 0.691 },
					{ "time": 0.6667, "color": "ffffffbd", "curve": 0, "c2": 0.2, "c3": 0.694 },
					{ "time": 0.8333, "color": "ffffff00" }
				]
			},
			"heal-8": {
				"color": [
					{ "color": "ffffff00", "curve": "stepped" },
					{ "time": 0.1667, "color": "ffffff00", "curve": 0, "c2": 0.2, "c3": 0.694 },
					{ "time": 0.2667, "color": "ffffffbd", "curve": 0.313, "c3": 0.691 },
					{ "time": 0.4333, "color": "ffffff5b", "curve": 0.313, "c3": 0.691 },
					{ "time": 0.6, "color": "ffffffbd", "curve": 0, "c2": 0.2, "c3": 0.694 },
					{ "time": 0.7, "color": "ffffff00" }
				]
			},
			"heal-9": {
				"color": [
					{ "color": "ffffff00", "curve": "stepped" },
					{ "time": 0.1667, "color": "ffffff00", "curve": 0, "c2": 0.2, "c3": 0.694 },
					{ "time": 0.2667, "color": "ffffffdd", "curve": 0.313, "c3": 0.691 },
					{ "time": 0.4333, "color": "ffffffbb", "curve": 0.313, "c3": 0.691 },
					{ "time": 0.6, "color": "ffffffde", "curve": 0, "c2": 0.2, "c3": 0.694 },
					{ "time": 0.7, "color": "ffffff00" }
				]
			},
			"heal-10": {
				"color": [
					{ "color": "ffffff00", "curve": "stepped" },
					{ "time": 0.6667, "color": "ffffff00", "curve": 0, "c2": 0.2, "c3": 0.694 },
					{ "time": 0.8, "color": "ffffffbd", "curve": 0.313, "c3": 0.691 },
					{ "time": 1, "color": "ffffff42", "curve": 0.313, "c3": 0.691 },
					{ "time": 1.2, "color": "ffffffbb", "curve": 0, "c2": 0.2, "c3": 0.694 },
					{ "time": 1.3333, "color": "ffffff00" }
				]
			},
			"heal-11": {
				"color": [
					{ "color": "ffffff00", "curve": "stepped" },
					{ "time": 0.6667, "color": "ffffff00", "curve": 0, "c2": 0.2, "c3": 0.694 },
					{ "time": 0.8, "color": "ffffffbd", "curve": 0.313, "c3": 0.691 },
					{ "time": 1, "color": "ffffff42", "curve": 0.313, "c3": 0.691 },
					{ "time": 1.2, "color": "ffffffbb", "curve": 0, "c2": 0.2, "c3": 0.694 },
					{ "time": 1.3333, "color": "ffffff00" }
				]
			},
			"heal-12": {
				"color": [
					{ "color": "ffffff00", "curve": "stepped" },
					{ "time": 0.6667, "color": "ffffff00", "curve": 0, "c2": 0.2, "c3": 0.694 },
					{ "time": 0.8, "color": "fffffff2", "curve": 0.313, "c3": 0.691 },
					{ "time": 1, "color": "ffffffcb", "curve": 0.313, "c3": 0.691 },
					{ "time": 1.2, "color": "fffffff1", "curve": 0, "c2": 0.2, "c3": 0.694 },
					{ "time": 1.3333, "color": "ffffff00" }
				]
			},
			"heal-13": {
				"color": [
					{ "color": "ffffff00", "curve": "stepped" },
					{ "time": 0.3333, "color": "ffffff00", "curve": 0, "c2": 0.2, "c3": 0.694 },
					{ "time": 0.4333, "color": "ffffffff", "curve": 0.313, "c3": 0.691 },
					{ "time": 0.6667, "color": "ffffff3e", "curve": 0.313, "c3": 0.691 },
					{ "time": 0.8333, "color": "ffffffb5", "curve": 0, "c2": 0.2, "c3": 0.694 },
					{ "time": 0.9667, "color": "ffffff00" }
				]
			},
			"heal-14": {
				"color": [
					{ "color": "ffffff00", "curve": "stepped" },
					{ "time": 0.3333, "color": "ffffff00", "curve": 0, "c2": 0.2, "c3": 0.694 },
					{ "time": 0.4333, "color": "ffffffff", "curve": 0.313, "c3": 0.691 },
					{ "time": 0.6667, "color": "ffffff3e", "curve": 0.313, "c3": 0.691 },
					{ "time": 0.8333, "color": "ffffffb5", "curve": 0, "c2": 0.2, "c3": 0.694 },
					{ "time": 0.9667, "color": "ffffff00" }
				]
			},
			"heal-15": {
				"color": [
					{ "color": "ffffff00", "curve": "stepped" },
					{ "time": 0.3333, "color": "ffffff00", "curve": 0, "c2": 0.2, "c3": 0.694 },
					{ "time": 0.4333, "color": "ffffffff", "curve": 0.313, "c3": 0.691 },
					{ "time": 0.6667, "color": "ffffffbd", "curve": 0.313, "c3": 0.691 },
					{ "time": 0.8333, "color": "ffffffea", "curve": 0, "c2": 0.2, "c3": 0.694 },
					{ "time": 0.9667, "color": "ffffff00" }
				]
			},
			"heal-16": {
				"color": [
					{ "color": "ffffff00", "curve": 0, "c2": 0.2, "c3": 0.694 },
					{ "time": 0.1333, "color": "ffffffc3", "curve": 0.313, "c3": 0.691 },
					{ "time": 0.3, "color": "ffffff59", "curve": 0.313, "c3": 0.691 },
					{ "time": 0.4667, "color": "ffffffaf", "curve": 0.315, "c4": 0.8 },
					{ "time": 0.6, "color": "ffffff00" }
				]
			},
			"heal-17": {
				"color": [
					{ "color": "ffffff00", "curve": 0, "c2": 0.2, "c3": 0.694 },
					{ "time": 0.1333, "color": "ffffffc3", "curve": 0.313, "c3": 0.691 },
					{ "time": 0.3333, "color": "ffffff59", "curve": 0.313, "c3": 0.691 },
					{ "time": 0.5333, "color": "ffffffaf", "curve": 0.315, "c4": 0.8 },
					{ "time": 0.6667, "color": "ffffff00" }
				]
			},
			"heal-18": {
				"color": [
					{ "color": "ffffff00", "curve": 0, "c2": 0.2, "c3": 0.694 },
					{ "time": 0.1333, "color": "ffffffe8", "curve": 0.313, "c3": 0.691 },
					{ "time": 0.3333, "color": "ffffffc8", "curve": 0.313, "c3": 0.691 },
					{ "time": 0.5333, "color": "ffffffe8", "curve": 0.315, "c4": 0.8 },
					{ "time": 0.6667, "color": "ffffff00" }
				]
			},
			"heal-19": {
				"color": [
					{ "color": "ffffff00", "curve": "stepped" },
					{ "time": 0.4, "color": "ffffff00", "curve": 0, "c2": 0.2, "c3": 0.694 },
					{ "time": 0.5333, "color": "ffffffb7", "curve": 0.313, "c3": 0.691 },
					{ "time": 0.7333, "color": "ffffff3e", "curve": 0.313, "c3": 0.691 },
					{ "time": 0.9333, "color": "ffffffb7", "curve": 0, "c2": 0.2, "c3": 0.694 },
					{ "time": 1.0667, "color": "ffffff00" }
				]
			},
			"heal-20": {
				"color": [
					{ "color": "ffffff00", "curve": "stepped" },
					{ "time": 0.4667, "color": "ffffff00", "curve": 0, "c2": 0.2, "c3": 0.694 },
					{ "time": 0.6, "color": "ffffffb7", "curve": 0.313, "c3": 0.691 },
					{ "time": 0.8333, "color": "ffffff3e", "curve": 0.313, "c3": 0.691 },
					{ "time": 1, "color": "ffffffb7", "curve": 0, "c2": 0.2, "c3": 0.694 },
					{ "time": 1.1333, "color": "ffffff00" }
				]
			},
			"heal-21": {
				"color": [
					{ "color": "ffffff00", "curve": "stepped" },
					{ "time": 0.4667, "color": "ffffff00", "curve": 0, "c2": 0.2, "c3": 0.694 },
					{ "time": 0.6, "color": "ffffffec", "curve": 0.313, "c3": 0.691 },
					{ "time": 0.8333, "color": "ffffffbf", "curve": 0.313, "c3": 0.691 },
					{ "time": 1, "color": "fffffff3", "curve": 0, "c2": 0.2, "c3": 0.694 },
					{ "time": 1.1333, "color": "ffffff00" }
				]
			},
			"heal-22": {
				"color": [
					{ "color": "ffffff00", "curve": "stepped" },
					{ "time": 0.5333, "color": "ffffff00", "curve": 0, "c2": 0.2, "c3": 0.694 },
					{ "time": 0.6667, "color": "ffffffbd", "curve": 0.313, "c3": 0.691 },
					{ "time": 0.8667, "color": "ffffff49", "curve": 0.313, "c3": 0.691 },
					{ "time": 1.0667, "color": "ffffffbc", "curve": 0, "c2": 0.2, "c3": 0.694 },
					{ "time": 1.2, "color": "ffffff00" }
				]
			},
			"heal-23": {
				"color": [
					{ "color": "ffffff00", "curve": "stepped" },
					{ "time": 0.5333, "color": "ffffff00", "curve": 0, "c2": 0.2, "c3": 0.694 },
					{ "time": 0.6667, "color": "ffffffbd", "curve": 0.313, "c3": 0.691 },
					{ "time": 0.8667, "color": "ffffff49", "curve": 0.313, "c3": 0.691 },
					{ "time": 1.0667, "color": "ffffffbc", "curve": 0, "c2": 0.2, "c3": 0.694 },
					{ "time": 1.2, "color": "ffffff00" }
				]
			},
			"heal-24": {
				"color": [
					{ "color": "ffffff00", "curve": "stepped" },
					{ "time": 0.5333, "color": "ffffff00", "curve": 0, "c2": 0.2, "c3": 0.694 },
					{ "time": 0.6667, "color": "ffffffec", "curve": 0.313, "c3": 0.691 },
					{ "time": 0.8667, "color": "ffffffce", "curve": 0.313, "c3": 0.691 },
					{ "time": 1.0667, "color": "ffffffeb", "curve": 0, "c2": 0.2, "c3": 0.694 },
					{ "time": 1.2, "color": "ffffff00" }
				]
			}
		},
		"bones": {
			"heal-1-f": {
				"translate": [
					{ "x": -55.29, "y": -196.04, "curve": 0, "c2": 0.2, "c3": 0.694 },
					{ "time": 0.6, "x": -1.4, "y": -38.36 }
				],
				"scale": [
					{},
					{ "time": 0.1333, "x": 1.15, "y": 1.15 },
					{ "time": 0.3, "x": 0.75, "y": 0.75 },
					{ "time": 0.4667, "x": 0.9, "y": 0.9 },
					{ "time": 0.6, "x": 0.65, "y": 0.65 }
				]
			},
			"heal-13": {
				"rotate": [
					{},
					{ "time": 0.3333, "angle": 120 },
					{ "time": 0.6667, "angle": -120 }
				]
			},
			"heal-1-b": {
				"translate": [
					{ "x": -25.49, "y": -93.45, "curve": "stepped" },
					{ "time": 0.0667, "x": -25.49, "y": -93.45, "curve": 0, "c2": 0.2, "c3": 0.694 },
					{ "time": 0.7667, "x": 75.89, "y": 18.35 }
				],
				"scale": [
					{ "time": 0.0667 },
					{ "time": 0.2333, "x": 1.12, "y": 1.12 },
					{ "time": 0.4333, "x": 0.6, "y": 0.6 },
					{ "time": 0.6, "x": 0.72, "y": 0.72 },
					{ "time": 0.7667, "x": 0.4, "y": 0.4 }
				]
			},
			"heal-5": {
				"rotate": [
					{ "time": 0.0667 },
					{ "time": 0.7333, "angle": 120 }
				]
			},
			"heal-1-c": {
				"translate": [
					{ "x": -57.76, "y": -75.58, "curve": "stepped" },
					{ "time": 0.1667, "x": -57.76, "y": -75.58, "curve": 0, "c2": 0.2, "c3": 0.694 },
					{ "time": 0.8333, "x": -58.91, "y": 94.11 }
				],
				"scale": [
					{ "time": 0.1667, "x": 0.75, "y": 0.75 },
					{ "time": 0.3333, "x": 0.875, "y": 0.875 },
					{ "time": 0.5, "x": 0.375, "y": 0.375 },
					{ "time": 0.6667, "x": 0.5, "y": 0.5 },
					{ "time": 0.8333, "x": 0.25, "y": 0.25 }
				]
			},
			"heal-7": {
				"rotate": [
					{ "time": 0.1667 },
					{ "time": 0.7, "angle": 120 }
				]
			},
			"heal-1-a": {
				"translate": [
					{ "x": 70.57, "y": -224.02, "curve": "stepped" },
					{ "time": 0.2333, "x": 70.57, "y": -224.02, "curve": 0, "c2": 0.2, "c3": 0.694 },
					{ "time": 0.9, "x": 49.4, "y": -32.42 }
				],
				"scale": [
					{ "time": 0.2333 },
					{ "time": 0.4333, "x": 0.714, "y": 0.714 },
					{ "time": 0.7, "x": 0.771, "y": 0.771 },
					{ "time": 0.9, "x": 0.571, "y": 0.571 }
				]
			},
			"heal-3": {
				"rotate": [
					{ "time": 0.2333 },
					{ "time": 0.5667, "angle": 120 },
					{ "time": 0.9, "angle": -120 }
				]
			},
			"heal-1-e": {
				"translate": [
					{ "x": 34.49, "y": -16.92, "curve": "stepped" },
					{ "time": 0.3333, "x": 34.49, "y": -16.92, "curve": 0, "c2": 0.2, "c3": 0.694 },
					{ "time": 0.9667, "x": 72.92, "y": 84.19 }
				],
				"scale": [
					{ "time": 0.3333 },
					{ "time": 0.5333, "x": 0.714, "y": 0.714 },
					{ "time": 0.7667, "x": 0.857, "y": 0.857 },
					{ "time": 0.9667, "x": 0.571, "y": 0.571 }
				]
			},
			"heal-11": {
				"rotate": [
					{ "time": 0.3333 },
					{ "time": 0.9667, "angle": -120 }
				]
			},
			"heal-1-g": {
				"translate": [
					{ "x": -25.7, "y": -119.96, "curve": "stepped" },
					{ "time": 0.4, "x": -25.7, "y": -119.96, "curve": 0, "c2": 0.2, "c3": 0.694 },
					{ "time": 1.0667, "x": -17.99, "y": 25.32 }
				],
				"scale": [
					{ "time": 0.4 },
					{ "time": 0.6, "x": 0.778, "y": 0.778 },
					{ "time": 0.8333, "x": 0.882, "y": 0.882 },
					{ "time": 1.0667, "x": 0.667, "y": 0.667 }
				]
			},
			"heal-15": {
				"rotate": [
					{ "time": 0.4667 },
					{ "time": 1.1333, "angle": -120 }
				]
			},
			"heal-1-h": {
				"translate": [
					{ "x": 4.75, "y": -89.94, "curve": "stepped" },
					{ "time": 0.5333, "x": 4.75, "y": -89.94, "curve": 0, "c2": 0.2, "c3": 0.694 },
					{ "time": 1.2, "x": -24.25, "y": 65.89 }
				],
				"scale": [
					{ "time": 0.5333 },
					{ "time": 0.7333, "x": 1.125, "y": 1.125 },
					{ "time": 0.9667, "x": 0.75, "y": 0.75 },
					{ "time": 1.2, "x": 0.875, "y": 0.875 }
				]
			},
			"heal-17": {
				"rotate": [
					{ "time": 0.5333 },
					{ "time": 0.8667, "angle": 120 },
					{ "time": 1.2, "angle": -120 }
				]
			},
			"heal-1-d": {
				"translate": [
					{ "x": -85.13, "y": 18.39, "curve": "stepped" },
					{ "time": 0.6667, "x": -85.13, "y": 18.39, "curve": 0, "c2": 0.2, "c3": 0.694 },
					{ "time": 1.3333, "x": -27.01, "y": 149.08 }
				],
				"scale": [
					{ "time": 0.6667 },
					{ "time": 0.8667, "x": 0.875, "y": 0.875 },
					{ "time": 1.1, "x": 0.75, "y": 0.75 },
					{ "time": 1.3333, "x": 0.625, "y": 0.625 }
				]
			},
			"heal-9": {
				"rotate": [
					{ "time": 0.6667 },
					{ "time": 1.3333, "angle": -120 }
				]
			}
		}
	}
}
}