{
"skeleton": {
	"hash": "iudeJ4A1i8TvA1UIzndYWUzMmMc",
	"spine": "3.8.79",
	"x": -63.92,
	"y": -17.52,
	"width": 170,
	"height": 232,
	"images": "./images/",
	"audio": "/Users/Redness/Google Drive/Axie/Asset/Duy/Spine/New FX/Main Impacts/impact-addition-white"
},
"bones": [
	{ "name": "root" },
	{ "name": "addition-white", "parent": "root", "x": -2.44, "y": 1.26, "scaleX": -1 }
],
"slots": [
	{ "name": "addition-white", "bone": "addition-white", "attachment": "addition-white-1" }
],
"skins": [
	{
		"name": "default",
		"attachments": {
			"addition-white": {
				"addition-white-1": { "x": -23.52, "y": 97.22, "width": 170, "height": 232 },
				"addition-white-2": { "x": -48.33, "y": 203.74, "width": 304, "height": 403 },
				"addition-white-3": { "x": -65.34, "y": 281.52, "width": 238, "height": 416 },
				"addition-white-4": { "x": -73.2, "y": 340.52, "width": 158, "height": 386 }
			}
		}
	}
],
"animations": {
	"animation": {
		"slots": {
			"addition-white": {
				"attachment": [
					{ "name": null },
					{ "time": 0.0333, "name": "addition-white-1" },
					{ "time": 0.0667, "name": "addition-white-2" },
					{ "time": 0.1, "name": "addition-white-3" },
					{ "time": 0.1333, "name": "addition-white-4" },
					{ "time": 0.1667, "name": null },
					{ "time": 0.2, "name": null }
				]
			}
		}
	}
}
}