{
"skeleton": {
	"hash": "TZRhNbh8QEJ3IICLrM886iBhpHM",
	"spine": "3.8.79",
	"x": -204.21,
	"y": -130.11,
	"width": 411,
	"height": 302,
	"images": "./images/",
	"audio": ""
},
"bones": [
	{ "name": "root" }
],
"slots": [
	{ "name": "simple-1", "bone": "root", "attachment": "simple-3" }
],
"skins": [
	{
		"name": "default",
		"attachments": {
			"simple-1": {
				"simple-1": { "x": 17.03, "y": 6.84, "width": 260, "height": 207 },
				"simple-2": { "x": -1.53, "y": 6.82, "width": 374, "height": 303 },
				"simple-3": { "x": 1.29, "y": 20.89, "width": 411, "height": 302 }
			}
		}
	}
],
"animations": {
	"animation": {
		"slots": {
			"simple-1": {
				"attachment": [
					{ "name": null },
					{ "time": 0.0333, "name": "simple-1" },
					{ "time": 0.0667, "name": "simple-2" },
					{ "time": 0.1, "name": "simple-3" },
					{ "time": 0.1333, "name": null }
				]
			}
		}
	}
}
}