{
"skeleton": {
	"hash": "Jh7Ak6l12bxLCc4vHm6p8N+lQf4",
	"spine": "3.8.79",
	"x": -196.13,
	"y": -194.26,
	"width": 392.45,
	"height": 388,
	"images": "./images/",
	"audio": ""
},
"bones": [
	{ "name": "root" }
],
"slots": [
	{ "name": "impact-defend-0", "bone": "root", "attachment": "impact-defend-5" }
],
"skins": [
	{
		"name": "default",
		"attachments": {
			"impact-defend-0": {
				"impact-defend-0": { "x": 1.41, "y": 1.03, "width": 295, "height": 296 },
				"impact-defend-1": { "x": 1.51, "y": 0.94, "width": 296, "height": 296 },
				"impact-defend-2": { "x": 1.77, "y": 0.67, "width": 296, "height": 295 },
				"impact-defend-3": { "x": 1.48, "y": 0.48, "rotation": -4.14, "width": 295, "height": 295 },
				"impact-defend-4": { "x": 0.95, "y": 0.69, "rotation": 1.64, "width": 294, "height": 288 },
				"impact-defend-5": { "x": 0.1, "y": -0.26, "rotation": -24.55, "width": 299, "height": 290 }
			}
		}
	}
],
"animations": {
	"animation": {
		"slots": {
			"impact-defend-0": {
				"attachment": [
					{ "name": null },
					{ "time": 0.0333, "name": "impact-defend-0" },
					{ "time": 0.0667, "name": "impact-defend-1" },
					{ "time": 0.1, "name": "impact-defend-2" },
					{ "time": 0.1333, "name": "impact-defend-3" },
					{ "time": 0.1667, "name": "impact-defend-4" },
					{ "time": 0.2, "name": "impact-defend-5" },
					{ "time": 0.2333, "name": null },
					{ "time": 0.2667, "name": null }
				]
			}
		}
	}
}
}