{
"skeleton": {
	"hash": "zSn8HbF/IxU/e8Nhz4EUl8/Vpsw",
	"spine": "3.8.79",
	"x": -169.74,
	"y": -177,
	"width": 349,
	"height": 386,
	"images": "./images/",
	"audio": ""
},
"bones": [
	{ "name": "root" }
],
"slots": [
	{ "name": "wind-swirl-1-1", "bone": "root", "attachment": "wind-swirl-1-1" }
],
"skins": [
	{
		"name": "default",
		"attachments": {
			"wind-swirl-1-1": {
				"wind-swirl-1-1": { "x": 4.76, "y": 16, "width": 349, "height": 386 },
				"wind-swirl-1-2": { "x": 31.93, "y": 7.69, "width": 536, "height": 554 },
				"wind-swirl-1-3": { "x": 56.97, "y": -0.68, "width": 679, "height": 702 },
				"wind-swirl-1-4": { "x": 60.93, "y": -19.88, "width": 746, "height": 779 }
			}
		}
	}
],
"animations": {
	"animation": {
		"slots": {
			"wind-swirl-1-1": {
				"attachment": [
					{ "name": null },
					{ "time": 0.0333, "name": "wind-swirl-1-1" },
					{ "time": 0.0667, "name": "wind-swirl-1-2" },
					{ "time": 0.1, "name": "wind-swirl-1-3" },
					{ "time": 0.1333, "name": "wind-swirl-1-4" },
					{ "time": 0.1667, "name": null },
					{ "time": 0.2, "name": null }
				]
			}
		}
	}
}
}