{
"skeleton": {
	"hash": "lHaDf+/BeKohpxk4RLq2a3cBw8U",
	"spine": "3.8.79",
	"x": -114.48,
	"y": -95.38,
	"width": 218,
	"height": 213,
	"images": "./images/",
	"audio": ""
},
"bones": [
	{ "name": "root" }
],
"slots": [
	{ "name": "impact-simple-a-1", "bone": "root", "attachment": "impact-simple-a-1" }
],
"skins": [
	{
		"name": "default",
		"attachments": {
			"impact-simple-a-1": {
				"impact-simple-a-1": { "x": -5.48, "y": 11.12, "width": 218, "height": 213 },
				"impact-simple-a-2": { "x": -11.68, "y": 11.53, "width": 337, "height": 360 },
				"impact-simple-a-3": { "x": -7.21, "y": 12.12, "width": 207, "height": 223 }
			}
		}
	}
],
"animations": {
	"animation": {
		"slots": {
			"impact-simple-a-1": {
				"attachment": [
					{ "name": null },
					{ "time": 0.0333, "name": "impact-simple-a-1" },
					{ "time": 0.0667, "name": "impact-simple-a-2" },
					{ "time": 0.1, "name": "impact-simple-a-3" },
					{ "time": 0.1333, "name": null },
					{ "time": 0.1667, "name": null }
				]
			}
		}
	}
}
}