{
"skeleton": {
	"hash": "vHys4UCA4/wsKPkirUBfH91eFyk",
	"spine": "3.8.79",
	"x": -234.07,
	"y": -68.02,
	"width": 490,
	"height": 442,
	"images": "./images/",
	"audio": "/Users/Redness/Google Drive/Axie/Asset/Duy/Spine/New FX/Main Impacts/impact-big"
},
"bones": [
	{ "name": "root", "scaleX": -1 },
	{ "name": "impact-big-1", "parent": "root" }
],
"slots": [
	{ "name": "impact-big-1", "bone": "impact-big-1", "attachment": "impact-big-1" }
],
"skins": [
	{
		"name": "default",
		"attachments": {
			"impact-big-1": {
				"impact-big-1": { "x": -10.93, "y": 152.98, "width": 490, "height": 442 },
				"impact-big-2": { "x": 75.95, "y": 409.11, "width": 886, "height": 902 },
				"impact-big-3": { "x": 109.27, "y": 401.5, "width": 1000, "height": 1102 },
				"impact-big-4": { "x": 89.53, "y": 325.26, "width": 1088, "height": 1460 },
				"impact-big-5": { "x": -259.06, "y": -196.93, "width": 532, "height": 754 }
			}
		}
	}
],
"animations": {
	"animation": {
		"slots": {
			"impact-big-1": {
				"attachment": [
					{ "name": null },
					{ "time": 0.0333, "name": "impact-big-1" },
					{ "time": 0.0667, "name": "impact-big-2" },
					{ "time": 0.1, "name": "impact-big-3" },
					{ "time": 0.1333, "name": "impact-big-4" },
					{ "time": 0.1667, "name": "impact-big-5" },
					{ "time": 0.2, "name": null },
					{ "time": 1, "name": null }
				]
			}
		}
	}
}
}