{
"skeleton": {
	"hash": "+q8InzOAMgWq8ViHiAyX97o8teQ",
	"spine": "3.8.79",
	"x": -527.61,
	"y": 346.12,
	"width": 528,
	"height": 837,
	"images": "./images/",
	"audio": ""
},
"bones": [
	{ "name": "root" },
	{ "name": "single-slash", "parent": "root", "x": -141, "y": 740 }
],
"slots": [
	{ "name": "single-slash", "bone": "single-slash", "attachment": "single-slash-1" }
],
"skins": [
	{
		"name": "aquatic",
		"attachments": {
			"single-slash": {
				"single-slash-1": { "name": "aqua-single-slash-1", "x": -122.61, "y": 24.62, "width": 529, "height": 837 },
				"single-slash-2": { "name": "aqua-single-slash-2", "x": -240.01, "y": -39.8, "width": 286, "height": 696 },
				"single-slash-3": { "name": "aqua-single-slash-3", "x": -243.76, "y": -78.31, "width": 269, "height": 603 },
				"single-slash-4": { "name": "aqua-single-slash-4", "x": -230.03, "y": -105.61, "width": 242, "height": 548 }
			}
		}
	},
	{
		"name": "beast",
		"attachments": {
			"single-slash": {
				"single-slash-1": { "name": "beast-single-slash-1", "x": -122.61, "y": 24.62, "width": 528, "height": 837 },
				"single-slash-2": { "name": "beast-single-slash-2", "x": -240.01, "y": -39.8, "width": 286, "height": 696 },
				"single-slash-3": { "name": "beast-single-slash-3", "x": -243.76, "y": -78.31, "width": 270, "height": 603 },
				"single-slash-4": { "name": "beast-single-slash-4", "x": -230.03, "y": -105.61, "width": 243, "height": 548 }
			}
		}
	},
	{
		"name": "bird",
		"attachments": {
			"single-slash": {
				"single-slash-1": { "name": "bird-single-slash-1", "x": -122.61, "y": 24.62, "width": 529, "height": 837 },
				"single-slash-2": { "name": "bird-single-slash-2", "x": -240.01, "y": -39.8, "width": 286, "height": 697 },
				"single-slash-3": { "name": "bird-single-slash-3", "x": -243.76, "y": -78.31, "width": 269, "height": 604 },
				"single-slash-4": { "name": "bird-single-slash-4", "x": -230.03, "y": -105.61, "width": 242, "height": 548 }
			}
		}
	},
	{
		"name": "bug",
		"attachments": {
			"single-slash": {
				"single-slash-1": { "name": "bug-single-slash-1", "x": -122.61, "y": 24.62, "width": 529, "height": 837 },
				"single-slash-2": { "name": "bug-single-slash-2", "x": -240.01, "y": -39.8, "width": 286, "height": 696 },
				"single-slash-3": { "name": "bug-single-slash-3", "x": -243.76, "y": -78.31, "width": 269, "height": 603 },
				"single-slash-4": { "name": "bug-single-slash-4", "x": -230.03, "y": -105.61, "width": 243, "height": 548 }
			}
		}
	},
	{
		"name": "plant",
		"attachments": {
			"single-slash": {
				"single-slash-1": { "name": "plant-single-slash-1", "x": -122.61, "y": 24.62, "width": 529, "height": 837 },
				"single-slash-2": { "name": "plant-single-slash-2", "x": -240.01, "y": -39.8, "width": 286, "height": 696 },
				"single-slash-3": { "name": "plant-single-slash-3", "x": -243.76, "y": -78.31, "width": 269, "height": 603 },
				"single-slash-4": { "name": "plant-single-slash-4", "x": -230.03, "y": -105.61, "width": 243, "height": 548 }
			}
		}
	},
	{
		"name": "reptile",
		"attachments": {
			"single-slash": {
				"single-slash-1": { "name": "reptile-single-slash-1", "x": -122.61, "y": 24.62, "width": 529, "height": 837 },
				"single-slash-2": { "name": "reptile-single-slash-2", "x": -240.01, "y": -39.8, "width": 286, "height": 696 },
				"single-slash-3": { "name": "reptile-single-slash-3", "x": -243.76, "y": -78.31, "width": 270, "height": 603 },
				"single-slash-4": { "name": "reptile-single-slash-4", "x": -230.03, "y": -105.61, "width": 243, "height": 548 }
			}
		}
	}
],
"animations": {
	"single-slash": {
		"slots": {
			"single-slash": {
				"attachment": [
					{ "name": "single-slash-1" },
					{ "time": 0.1333, "name": "single-slash-2" },
					{ "time": 0.2, "name": "single-slash-3" },
					{ "time": 0.2333, "name": "single-slash-4" },
					{ "time": 0.2667, "name": null }
				]
			}
		},
		"bones": {
			"single-slash": {
				"rotate": [
					{ "curve": 0.315, "c4": 0.8 },
					{ "time": 0.2667, "angle": 3 }
				]
			}
		}
	}
}
}