{"skeleton":{"hash":"0QnXL92myELWrTbCTT38U+JZ/I0","spine":"3.8.79","x":-57.5,"y":-65,"width":115,"height":130,"images":"./images/","audio":""},"bones":[{"name":"root","y":-96.15},{"name":"nut-throw","parent":"root","y":96.15}],"slots":[{"name":"nut-throw","bone":"nut-throw","attachment":"nut-throw"}],"skins":[{"name":"default","attachments":{"nut-throw":{"nut-throw":{"width":215,"height":248}}}}],"animations":{"fly":{"bones":{"nut-throw":{"rotate":[{"angle":8.58,"curve":0.309,"c3":0.691},{"time":0.2333,"angle":-9.07,"curve":0.309,"c3":0.691},{"time":0.5,"angle":8.58,"curve":0.309,"c3":0.691},{"time":0.7667,"angle":-9.07,"curve":0.309,"c3":0.691},{"time":1,"angle":8.58}]}}}}}