{"skeleton":{"hash":"8/gFMSzrYE8DD00WY2/J6XCKXHc","spine":"3.8.79","x":-216.59,"y":-295.45,"width":433.19,"height":590.9,"images":"./images/","audio":""},"bones":[{"name":"root"},{"name":"ref-pivot","parent":"root","scaleX":0.9,"scaleY":1.5,"shearX":-60,"shearY":-40},{"name":"ref-1","parent":"ref-pivot"},{"name":"ref-2-pivot","parent":"root","scaleX":0.9,"scaleY":1.5,"shearX":-60,"shearY":-40},{"name":"ref-2","parent":"ref-2-pivot"}],"slots":[{"name":"ref-1","bone":"ref-1","attachment":"ref-1"},{"name":"ref-2","bone":"ref-2","attachment":"ref-2"}],"skins":[{"name":"default","attachments":{"ref-1":{"ref-1":{"width":307,"height":306}},"ref-2":{"ref-2":{"width":241,"height":265}}}}],"events":{"hit":{}},"animations":{"cast":{"slots":{"ref-1":{"color":[{"color":"ffffff00","curve":"stepped"},{"time":0.0333,"color":"ffffff00","curve":0,"c2":0.2,"c3":0.694},{"time":0.1,"color":"ffffffff","curve":"stepped"},{"time":0.5,"color":"ffffffff","curve":0,"c2":0.2,"c3":0.694},{"time":0.6,"color":"ffffff00"}]},"ref-2":{"color":[{"color":"ffffff00","curve":"stepped"},{"time":0.0333,"color":"ffffff00","curve":0,"c2":0.2,"c3":0.694},{"time":0.1,"color":"ffffffff","curve":"stepped"},{"time":0.5,"color":"ffffffff","curve":0,"c2":0.2,"c3":0.694},{"time":0.6,"color":"ffffff00"}]}},"bones":{"ref-1":{"rotate":[{},{"time":0.2,"angle":120},{"time":0.4333,"angle":-120},{"time":0.6333}],"scale":[{"x":0.236,"y":0.236,"curve":0,"c2":0.2,"c3":0.694},{"time":0.1,"curve":"stepped"},{"time":0.6,"curve":0,"c2":0.2,"c3":0.694},{"time":0.6333,"x":0.236,"y":0.236}]},"ref-2":{"rotate":[{},{"time":0.2,"angle":-120},{"time":0.4333,"angle":120},{"time":0.6333}],"scale":[{"x":0.236,"y":0.236,"curve":0,"c2":0.2,"c3":0.694},{"time":0.1,"curve":"stepped"},{"time":0.6,"curve":0,"c2":0.2,"c3":0.694},{"time":0.6333,"x":0.236,"y":0.236}]}},"events":[{"time":0.2,"name":"hit"}]}}}