{
"skeleton": {
	"hash": "q/z8iUJToQNoHC5zSW6LSBdUGsA",
	"spine": "3.8.79",
	"x": -197.68,
	"y": -396.39,
	"width": 373.9,
	"height": 582,
	"images": "./images/",
	"audio": ""
},
"bones": [
	{ "name": "root", "y": -192.18 },
	{ "name": "balloon", "parent": "root", "y": 64.86 },
	{ "name": "splash-1", "parent": "balloon", "x": -41.49, "y": 147.16 },
	{ "name": "splash-2", "parent": "balloon", "x": 39.69, "y": 111.08 }
],
"slots": [
	{ "name": "balloon", "bone": "balloon", "attachment": "balloon" },
	{ "name": "splash-1", "bone": "splash-1", "attachment": "splash-1" },
	{ "name": "splash-2", "bone": "splash-2", "attachment": "splash-2" }
],
"skins": [
	{
		"name": "default",
		"attachments": {
			"balloon": {
				"balloon": { "x": -0.28, "y": 21.93, "width": 353, "height": 582 }
			},
			"splash-1": {
				"splash-1": { "x": -35.68, "y": 16.36, "width": 241, "height": 284 }
			},
			"splash-2": {
				"splash-2": { "x": 10.84, "y": -14.41, "width": 190, "height": 285 }
			}
		}
	}
],
"events": {
	"hit": {}
},
"animations": {
	"cast": {
		"slots": {
			"balloon": {
				"color": [
					{ "color": "ffffff00" },
					{ "time": 0.1, "color": "ffffffff", "curve": "stepped" },
					{ "time": 1.1667, "color": "ffffffff", "curve": "stepped" },
					{ "time": 1.2, "color": "ffffff00" }
				]
			},
			"splash-1": {
				"color": [
					{ "color": "ffffff00", "curve": "stepped" },
					{ "time": 1.1333, "color": "ffffff00", "curve": "stepped" },
					{ "time": 1.1667, "color": "ffffffff", "curve": "stepped" },
					{ "time": 1.2667, "color": "ffffffff", "curve": 0, "c2": 0.15, "c3": 0.763 },
					{ "time": 1.3333, "color": "ffffff00" }
				]
			},
			"splash-2": {
				"color": [
					{ "color": "ffffff00", "curve": "stepped" },
					{ "time": 1.1333, "color": "ffffff00", "curve": "stepped" },
					{ "time": 1.1667, "color": "ffffffff", "curve": "stepped" },
					{ "time": 1.2667, "color": "ffffffff", "curve": 0, "c2": 0.15, "c3": 0.763 },
					{ "time": 1.3333, "color": "ffffff00" }
				]
			}
		},
		"bones": {
			"balloon": {
				"translate": [
					{ "curve": 0, "c2": 0.2, "c3": 0.694 },
					{ "time": 1, "y": 238 },
					{ "time": 1.1667, "y": 243.44 }
				]
			},
			"splash-1": {
				"translate": [
					{ "time": 1.2, "curve": 0.305, "c4": 0.75 },
					{ "time": 1.3, "x": -25.38, "y": 5.44 }
				],
				"scale": [
					{ "time": 1.1333, "x": 0.5, "y": 0.5, "curve": 0.305, "c4": 0.75 },
					{ "time": 1.3, "x": 1.2, "y": 1.2 }
				]
			},
			"splash-2": {
				"translate": [
					{ "time": 1.2, "curve": 0.305, "c4": 0.75 },
					{ "time": 1.3, "x": 29.01, "y": -25.38 }
				],
				"scale": [
					{ "time": 1.1333, "x": 0.5, "y": 0.5, "curve": 0.305, "c4": 0.75 },
					{ "time": 1.3, "x": 1.2, "y": 1.2 }
				]
			}
		},
		"events": [
			{ "time": 1.1667, "name": "hit" }
		]
	}
}
}