{
"skeleton": {
	"hash": "BZYEtUlqIefIobAVSKI0Noce3gU",
	"spine": "3.8.79",
	"x": -472.78,
	"y": -380.58,
	"width": 588.66,
	"height": 804,
	"images": "./images/",
	"audio": ""
},
"bones": [
	{ "name": "root", "y": -64.73 },
	{ "name": "goda-1", "parent": "root", "x": 0.07, "y": 64.73 },
	{ "name": "goda-2", "parent": "root", "x": -90.66, "y": 64.73 },
	{ "name": "goda-3", "parent": "root", "x": -241.52, "y": 67.99 }
],
"slots": [
	{ "name": "goda-1", "bone": "goda-1", "attachment": "goda-1" },
	{ "name": "goda-2", "bone": "goda-2", "attachment": "goda-2" },
	{ "name": "goda-3", "bone": "goda-3", "attachment": "goda-3" }
],
"skins": [
	{
		"name": "default",
		"attachments": {
			"goda-1": {
				"goda-1": { "x": 7.05, "y": 9.04, "scaleX": 0.5, "scaleY": 0.5, "width": 435, "height": 804 }
			},
			"goda-2": {
				"goda-2": { "x": -2.17, "y": 6.79, "scaleX": 0.75, "scaleY": 0.75, "width": 435, "height": 804 }
			},
			"goda-3": {
				"goda-3": { "x": -13.76, "y": 18.16, "width": 435, "height": 804 }
			}
		}
	}
],
"animations": {
	"fly": {
		"slots": {
			"goda-1": {
				"color": [
					{ "color": "ffffff00", "curve": "stepped" },
					{ "time": 0.2, "color": "ffffff00", "curve": 0, "c2": 0.2, "c3": 0.694 },
					{ "time": 0.3, "color": "ffffffff", "curve": "stepped" },
					{ "time": 0.4, "color": "ffffffff", "curve": 0, "c2": 0.2, "c3": 0.694 },
					{ "time": 0.5, "color": "ffffff00" }
				]
			},
			"goda-2": {
				"color": [
					{ "color": "ffffff00", "curve": "stepped" },
					{ "time": 0.1, "color": "ffffff00", "curve": 0, "c2": 0.2, "c3": 0.694 },
					{ "time": 0.2, "color": "ffffffff", "curve": "stepped" },
					{ "time": 0.3, "color": "ffffffff", "curve": 0, "c2": 0.2, "c3": 0.694 },
					{ "time": 0.4, "color": "ffffff00" }
				]
			},
			"goda-3": {
				"color": [
					{ "color": "ffffff00", "curve": 0, "c2": 0.2, "c3": 0.694 },
					{ "time": 0.1, "color": "ffffffff", "curve": "stepped" },
					{ "time": 0.2, "color": "ffffffff", "curve": 0, "c2": 0.2, "c3": 0.694 },
					{ "time": 0.3, "color": "ffffff00" }
				]
			}
		},
		"bones": {
			"goda-2": {
				"translate": [
					{ "x": 90.66, "curve": "stepped" },
					{ "time": 0.1, "x": 90.66, "curve": 0, "c2": 0.3, "c3": 0.544 },
					{ "time": 0.3667, "x": -156.66, "curve": "stepped" },
					{ "time": 0.6667, "x": -156.66 }
				],
				"scale": [
					{ "time": 0.1, "x": 0.8, "y": 0.8, "curve": 0, "c2": 0.2, "c3": 0.694 },
					{ "time": 0.3667 }
				]
			},
			"goda-3": {
				"translate": [
					{ "x": 241.52, "curve": 0, "c2": 0.3, "c3": 0.544 },
					{ "time": 0.2667, "x": -56.66, "curve": "stepped" },
					{ "time": 0.6667, "x": -56.66 }
				],
				"scale": [
					{ "x": 0.8, "y": 0.8, "curve": 0, "c2": 0.2, "c3": 0.694 },
					{ "time": 0.2667 }
				]
			},
			"goda-1": {
				"translate": [
					{ "time": 0.2, "curve": 0, "c2": 0.3, "c3": 0.544 },
					{ "time": 0.4667, "x": -231.53, "curve": "stepped" },
					{ "time": 0.6667, "x": -231.53 }
				],
				"scale": [
					{ "time": 0.2, "x": 0.8, "y": 0.8, "curve": 0, "c2": 0.2, "c3": 0.694 },
					{ "time": 0.4667 }
				]
			}
		}
	}
}
}