{"skeleton":{"hash":"TXTgjNETz/w2SuccA9d2FzrXOlY","spine":"3.8.79","x":-142.5,"y":-90,"width":285,"height":180,"images":"./images/","audio":""},"bones":[{"name":"root","y":-159.23},{"name":"nest-buddies","parent":"root","y":159.23}],"slots":[{"name":"nest-buddies","bone":"nest-buddies","attachment":"nest-buddies"}],"skins":[{"name":"default","attachments":{"nest-buddies":{"nest-buddies":{"width":285,"height":180}}}}],"animations":{"fly":{"bones":{"nest-buddies":{"rotate":[{"curve":0.161,"c3":0.854},{"time":0.3333,"angle":-10,"curve":0.161,"c3":0.854},{"time":0.6667,"angle":10,"curve":0.161,"c3":0.854},{"time":1,"angle":-10,"curve":0.161,"c3":0.854},{"time":1.1667,"angle":10,"curve":0.161,"c3":0.854},{"time":1.3333}]}}}}}