{"skeleton":{"hash":"K/B6ue4M1PVqaKu5FHG4zXz3tq8","spine":"3.8.79","x":-197.2,"y":-181.2,"width":451.82,"height":412.06,"images":"","audio":"/Users/Redness/Desktop/new-fx/bug/twin-needle"},"bones":[{"name":"root"},{"name":"twin-needle-1","parent":"root","rotation":-61.63,"x":-172.67,"y":1.09,"scaleX":0.6616,"scaleY":0.6616},{"name":"twin-needle-2","parent":"root","rotation":-36.19,"x":-35.84,"y":-139.01}],"slots":[{"name":"twin-needle-cm","bone":"root","attachment":"twin-needle-cm"},{"name":"twin-needle-1","bone":"twin-needle-1","attachment":"images/twin-needle"},{"name":"twin-needle-2","bone":"twin-needle-2","attachment":"images/twin-needle"}],"skins":[{"name":"default","attachments":{"twin-needle-1":{"images/twin-needle":{"y":203,"scaleX":-1,"width":106,"height":433}},"twin-needle-2":{"images/twin-needle":{"y":203,"scaleX":-1,"width":106,"height":433}},"twin-needle-cm":{"twin-needle-cm":{"type":"clipping","end":"twin-needle-cm","vertexCount":14,"vertices":[-230.37,57.63,-234.2,9.73,-203.55,-3.68,-193.97,-51.58,-130.74,-74.57,-140.32,-124.39,-82.84,-183.78,-4.28,-185.7,18.71,-214.44,99.18,-193.36,463.22,180.26,380.83,561.54,68.52,504.06,-205.46,262.64],"color":"ce3a3aff"}}}}],"events":{"hit":{}},"animations":{"animation":{"slots":{"twin-needle-1":{"color":[{"color":"ffffff00","curve":"stepped"},{"time":0.3333,"color":"ffffff00","curve":0,"c2":0.1,"c3":0.85},{"time":0.4667,"color":"ffffffff","curve":"stepped"},{"time":0.7667,"color":"ffffffff","curve":0,"c2":0.1,"c3":0.85},{"time":0.9333,"color":"ffffff00"}]},"twin-needle-2":{"color":[{"color":"ffffff00","curve":"stepped"},{"time":0.2333,"color":"ffffff00","curve":0,"c2":0.1,"c3":0.85},{"time":0.3667,"color":"ffffffff","curve":"stepped"},{"time":0.7667,"color":"ffffffff","curve":0,"c2":0.1,"c3":0.85},{"time":0.9333,"color":"ffffff00"}]}},"bones":{"twin-needle-2":{"translate":[{"x":-193.59,"y":-240.86,"curve":0.85,"c4":0.1},{"time":0.4}]},"twin-needle-1":{"translate":[{"x":-245.36,"y":-132.81,"curve":"stepped"},{"time":0.1667,"x":-245.36,"y":-132.81,"curve":0.85,"c4":0.1},{"time":0.5,"curve":"stepped"},{"time":1}]}},"events":[{"time":0.4667,"name":"hit"}]}}}