{
"skeleton": {
	"hash": "kqV2a4xsKY9ySAWh78JJXYKRvu8",
	"spine": "3.8.79",
	"x": -352.06,
	"y": -141.51,
	"width": 704.11,
	"height": 283.03,
	"images": "./images/",
	"audio": ""
},
"bones": [
	{ "name": "root", "y": -127.55 },
	{ "name": "scale-dart-pivot", "parent": "root", "y": 127.55, "scaleX": 1.1, "scaleY": 0.66, "shearY": -30 },
	{ "name": "scale-dart", "parent": "scale-dart-pivot", "scaleX": 1.1, "scaleY": 1.1 }
],
"slots": [
	{ "name": "scale-dart", "bone": "scale-dart", "attachment": "barb-strike" }
],
"skins": [
	{
		"name": "default",
		"attachments": {
			"scale-dart": {
				"barb-strike": { "rotation": -0.28, "width": 446, "height": 448 }
			}
		}
	}
],
"animations": {
	"fly": {
		"bones": {
			"scale-dart": {
				"rotate": [
					{},
					{ "time": 0.1333, "angle": 120 },
					{ "time": 0.3, "angle": -120 },
					{ "time": 0.4333 },
					{ "time": 0.6, "angle": 120 },
					{ "time": 0.7333, "angle": -120 },
					{ "time": 0.8667 },
					{ "time": 1.0333, "angle": 120 },
					{ "time": 1.1667, "angle": -120 },
					{ "time": 1.3333 }
				]
			},
			"scale-dart-pivot": {
				"shear": [
					{ "curve": 0.313, "c3": 0.699 },
					{ "time": 0.6667, "y": -28, "curve": 0.313, "c3": 0.699 },
					{ "time": 1.3333 }
				]
			}
		}
	}
}
}