{"skeleton":{"hash":"HWNnZqGGURDeKXFvYA+GnUbqg2E","spine":"3.8.79","x":-283.7,"y":-247.35,"width":570,"height":502,"images":"./images/","audio":""},"bones":[{"name":"root","y":-191.77},{"name":"third-glance-1","parent":"root","y":191.77,"scaleX":2,"scaleY":2},{"name":"light-1","parent":"third-glance-1","x":-24.58,"y":30.26},{"name":"light-2","parent":"third-glance-1","x":28.76,"y":-20.47},{"name":"pupil","parent":"third-glance-1","x":0.52,"y":4.82}],"slots":[{"name":"third-glance-1","bone":"third-glance-1","attachment":"third-glance-4"},{"name":"pupil","bone":"pupil","attachment":"pupil"},{"name":"light-1","bone":"light-1","attachment":"light-1"},{"name":"light-2","bone":"light-2","attachment":"light-2"}],"skins":[{"name":"default","attachments":{"light-1":{"light-1":{"x":-0.8,"y":0.37,"width":19,"height":20}},"light-2":{"light-2":{"x":-0.56,"y":1.4,"width":8,"height":9}},"pupil":{"pupil":{"x":-0.42,"y":-0.78,"width":64,"height":64}},"third-glance-1":{"third-glance-1":{"x":0.61,"y":-11.6,"width":284,"height":109},"third-glance-2":{"x":0.65,"y":3.49,"width":285,"height":131},"third-glance-3":{"x":0.65,"y":4.12,"width":285,"height":192},"third-glance-4":{"x":0.65,"y":1.83,"width":285,"height":251},"third-glance-5":{"x":0.15,"y":2.56,"width":288,"height":287}}}}],"events":{"hit":{}},"animations":{"cast":{"slots":{"light-1":{"attachment":[{"name":null},{"time":0.4,"name":"light-1"}]},"light-2":{"attachment":[{"name":null},{"time":0.4,"name":"light-2"}]},"pupil":{"attachment":[{"name":null},{"time":0.4,"name":"pupil"}]},"third-glance-1":{"attachment":[{"name":"third-glance-1"},{"time":0.1,"name":"third-glance-2"},{"time":0.2,"name":"third-glance-3"},{"time":0.3,"name":"third-glance-4"},{"time":0.4,"name":"third-glance-5"},{"time":0.8333,"name":"third-glance-5"}]}},"bones":{"pupil":{"scale":[{"time":0.4,"curve":"stepped"},{"time":0.5,"x":0.802,"y":0.802,"curve":"stepped"},{"time":0.6,"x":0.672,"y":0.672,"curve":"stepped"},{"time":0.7,"x":0.573,"y":0.573,"curve":"stepped"},{"time":0.8,"x":0.5,"y":0.5,"curve":"stepped"},{"time":1,"x":0.5,"y":0.5}]}},"events":[{"time":0.9,"name":"hit"}]}}}