{"skeleton":{"hash":"hWlamGuIO2bZ1VIO63caOZ2Z85I","spine":"3.8.84","x":-362.49,"y":-0.96,"width":596.5,"height":533.5,"images":"./images/","audio":""},"bones":[{"name":"root","y":-63.73},{"name":"buzzing-wind-1","parent":"root","y":63.73,"scaleX":0.25,"scaleY":0.25}],"slots":[{"name":"buzzing-wind-1","bone":"buzzing-wind-1","attachment":"buzzing-wind-1"}],"skins":[{"name":"default","attachments":{"buzzing-wind-1":{"buzzing-wind-1":{"x":-256.95,"y":1063.14,"width":2386,"height":2134},"buzzing-wind-2":{"x":-71.34,"y":1047.02,"width":2259,"height":2106},"buzzing-wind-3":{"x":-55.19,"y":1043.08,"width":2302,"height":2102},"buzzing-wind-4":{"x":-289.35,"y":1095.96,"width":2481,"height":2199},"buzzing-wind-5":{"x":-352.66,"y":1114.67,"width":2162,"height":2237}}}}],"animations":{"fly":{"slots":{"buzzing-wind-1":{"attachment":[{"name":"buzzing-wind-1"},{"time":0.0667,"name":"buzzing-wind-2"},{"time":0.1333,"name":"buzzing-wind-3"},{"time":0.2,"name":"buzzing-wind-4"},{"time":0.2667,"name":"buzzing-wind-5"},{"time":0.3333,"name":"buzzing-wind-1"}]}}}}}