{
"skeleton": {
	"hash": "bGt1iP7VvsB5p3T8Gu5SBgWbUVw",
	"spine": "3.8.79",
	"x": -445.13,
	"y": -94.02,
	"width": 592.09,
	"height": 208.31,
	"images": "./images/",
	"audio": ""
},
"bones": [
	{ "name": "root", "y": -254.9 },
	{ "name": "dash-seed-1", "parent": "root", "x": -294.63, "y": 232.93 },
	{ "name": "dash-seed-2", "parent": "root", "x": -294.71, "y": 354.5 },
	{ "name": "dash-seed-3", "parent": "root", "x": -293.88, "y": 293.56 },
	{ "name": "dash-seed-4", "parent": "root", "x": -293.88, "y": 176.95 },
	{ "name": "seed-bullet-1-pivot", "parent": "root", "x": 106.08, "y": 340.99 },
	{ "name": "seed-bullet-1", "parent": "seed-bullet-1-pivot" },
	{ "name": "seed-bullet-2-pivot", "parent": "root", "x": 106.49, "y": 282.23 },
	{ "name": "seed-bullet-2", "parent": "seed-bullet-2-pivot" },
	{ "name": "seed-bullet-3-pivot", "parent": "root", "x": 106.56, "y": 231.16 },
	{ "name": "seed-bullet-3", "parent": "seed-bullet-3-pivot", "rotation": -180 },
	{ "name": "seed-bullet-4-pivot", "parent": "root", "x": 106.57, "y": 185.66 },
	{ "name": "seed-bullet-4", "parent": "seed-bullet-4-pivot" }
],
"slots": [
	{ "name": "dash-seed-1", "bone": "dash-seed-1", "attachment": "dash-seed-1" },
	{ "name": "dash-seed-2", "bone": "dash-seed-2", "attachment": "dash-seed-2" },
	{ "name": "dash-seed-3", "bone": "dash-seed-3", "attachment": "dash-seed-3" },
	{ "name": "dash-seed-4", "bone": "dash-seed-4", "attachment": "dash-seed-4" },
	{ "name": "seed-bullet-5", "bone": "seed-bullet-1" },
	{ "name": "seed-bullet-1", "bone": "seed-bullet-1", "attachment": "seed-bullet-1" },
	{ "name": "seed-bullet-2", "bone": "seed-bullet-2", "attachment": "seed-bullet-2" },
	{ "name": "seed-bullet-3", "bone": "seed-bullet-3", "attachment": "seed-bullet-3" },
	{ "name": "seed-bullet-4", "bone": "seed-bullet-4", "attachment": "seed-bullet-4" }
],
"skins": [
	{
		"name": "default",
		"attachments": {
			"dash-seed-1": {
				"dash-seed-1": { "x": -7.07, "y": -0.51, "width": 277, "height": 31 }
			},
			"dash-seed-2": {
				"dash-seed-2": { "x": -12.58, "y": -1.31, "width": 262, "height": 32 }
			},
			"dash-seed-3": {
				"dash-seed-3": { "x": -8.74, "y": 0.31, "width": 281, "height": 30 }
			},
			"dash-seed-4": {
				"dash-seed-4": { "x": -10.74, "y": -1.07, "width": 281, "height": 30 }
			},
			"seed-bullet-1": {
				"seed-bullet-1": { "x": 3.17, "y": -0.29, "scaleX": -1, "rotation": -180, "width": 73, "height": 50 },
				"seed-bullet-2": { "x": 4.78, "y": -0.35, "scaleX": -1, "rotation": -180, "width": 73, "height": 42 },
				"seed-bullet-3": { "x": 5.63, "y": -0.5, "scaleX": -1, "rotation": 180, "width": 72, "height": 36 },
				"seed-bullet-4": { "x": 4.42, "y": -0.33, "scaleX": -1, "rotation": -180, "width": 72, "height": 31 }
			},
			"seed-bullet-2": {
				"seed-bullet-2": { "x": 3.97, "y": -0.48, "scaleX": -1, "rotation": -180, "width": 73, "height": 42 }
			},
			"seed-bullet-3": {
				"seed-bullet-3": { "x": -3.95, "y": 0.12, "scaleX": -1, "width": 72, "height": 36 }
			},
			"seed-bullet-4": {
				"seed-bullet-4": { "x": 4.22, "y": -0.25, "scaleX": -1, "rotation": -180, "width": 72, "height": 31 }
			}
		}
	}
],
"events": {
	"hit": {}
},
"animations": {
	"cast": {
		"slots": {
			"dash-seed-1": {
				"color": [
					{ "color": "ffffff00", "curve": "stepped" },
					{ "time": 0.1333, "color": "ffffff00" },
					{ "time": 0.2, "color": "ffffffff" },
					{ "time": 0.2667, "color": "ffffff00" }
				]
			},
			"dash-seed-2": {
				"color": [
					{ "color": "ffffff00" },
					{ "time": 0.0667, "color": "ffffffff" },
					{ "time": 0.1333, "color": "ffffff00" }
				]
			},
			"dash-seed-3": {
				"color": [
					{ "color": "ffffff00", "curve": "stepped" },
					{ "time": 0.2667, "color": "ffffff00" },
					{ "time": 0.3333, "color": "ffffffff" },
					{ "time": 0.4, "color": "ffffff00" }
				]
			},
			"dash-seed-4": {
				"color": [
					{ "color": "ffffff00", "curve": "stepped" },
					{ "time": 0.4, "color": "ffffff00" },
					{ "time": 0.4667, "color": "ffffffff" },
					{ "time": 0.5333, "color": "ffffff00" }
				]
			},
			"seed-bullet-1": {
				"color": [
					{ "color": "ffffff00", "curve": "stepped" },
					{ "time": 0.1, "color": "ffffff00" },
					{ "time": 0.1667, "color": "ffffffff", "curve": "stepped" },
					{ "time": 0.4333, "color": "ffffffff" },
					{ "time": 0.5333, "color": "ffffff00" }
				],
				"attachment": [
					{ "time": 0.1333, "name": "seed-bullet-1" },
					{ "time": 0.2, "name": "seed-bullet-2" },
					{ "time": 0.2667, "name": "seed-bullet-3" },
					{ "time": 0.3333, "name": "seed-bullet-4" },
					{ "time": 0.4, "name": "seed-bullet-1" },
					{ "time": 0.4667, "name": "seed-bullet-2" },
					{ "time": 0.5333, "name": "seed-bullet-3" }
				]
			},
			"seed-bullet-2": {
				"color": [
					{ "color": "ffffff00", "curve": "stepped" },
					{ "time": 0.2, "color": "ffffff00" },
					{ "time": 0.2667, "color": "ffffffff", "curve": "stepped" },
					{ "time": 0.5333, "color": "ffffffff" },
					{ "time": 0.6333, "color": "ffffff00" }
				]
			},
			"seed-bullet-3": {
				"color": [
					{ "color": "ffffff00", "curve": "stepped" },
					{ "time": 0.3333, "color": "ffffff00" },
					{ "time": 0.4, "color": "ffffffff", "curve": "stepped" },
					{ "time": 0.7, "color": "ffffffff" },
					{ "time": 0.8, "color": "ffffff00" }
				]
			},
			"seed-bullet-4": {
				"color": [
					{ "color": "ffffff00", "curve": "stepped" },
					{ "time": 0.5333, "color": "ffffff00" },
					{ "time": 0.6, "color": "ffffffff", "curve": "stepped" },
					{ "time": 0.8667, "color": "ffffffff" },
					{ "time": 1, "color": "ffffff00" }
				]
			}
		},
		"bones": {
			"dash-seed-2": {
				"translate": [
					{ "x": -272.42, "y": -24.82 }
				]
			},
			"dash-seed-1": {
				"translate": [
					{ "x": -248.35, "y": 29.07, "curve": "stepped" },
					{ "time": 0.1333, "x": -248.35, "y": 29.07 }
				]
			},
			"dash-seed-3": {
				"translate": [
					{ "x": -145.61, "y": 3.19, "curve": "stepped" },
					{ "time": 0.2667, "x": -145.61, "y": 3.19 }
				]
			},
			"dash-seed-4": {
				"translate": [
					{ "x": -130.42, "y": 48.22, "curve": "stepped" },
					{ "time": 0.4, "x": -130.42, "y": 48.22 }
				]
			},
			"seed-bullet-1-pivot": {
				"rotate": [
					{ "curve": "stepped" },
					{ "time": 0.1333 },
					{ "time": 0.2333, "angle": 120 },
					{ "time": 0.3333, "angle": -120 },
					{ "time": 0.4333 },
					{ "time": 0.5333, "angle": 120 }
				],
				"translate": [
					{ "x": -255.36, "y": 18.51, "curve": "stepped" },
					{ "time": 0.1, "x": -255.36, "y": 18.51, "curve": 0.617, "c4": 0.4 },
					{ "time": 0.1667, "x": -234.2, "y": 18.51, "curve": 0, "c2": 0.2, "c3": 0.694 },
					{ "time": 0.3333, "x": -335.44, "y": 172.63, "curve": 0.315, "c4": 0.8 },
					{ "time": 0.5333, "x": -421.57, "y": 118.23 }
				]
			},
			"seed-bullet-1": {
				"translate": [
					{ "time": 0.1333 },
					{ "time": 0.2, "x": 15.11, "y": 10.58 },
					{ "time": 0.2667, "x": 18.35, "y": 12.09 },
					{ "time": 0.3333 }
				]
			},
			"seed-bullet-2-pivot": {
				"rotate": [
					{ "time": 0.2333 },
					{ "time": 0.3333, "angle": -120 },
					{ "time": 0.4333, "angle": 120 },
					{ "time": 0.5333 },
					{ "time": 0.6333, "angle": -120 }
				],
				"translate": [
					{ "x": -210.03, "y": 4.53, "curve": "stepped" },
					{ "time": 0.2, "x": -210.03, "y": 4.53, "curve": 0.617, "c4": 0.4 },
					{ "time": 0.2667, "x": -187.36, "y": 4.53, "curve": 0, "c2": 0.2, "c3": 0.694 },
					{ "time": 0.4667, "x": -131.03, "y": 66.06, "curve": 0.315, "c4": 0.8 },
					{ "time": 0.6333, "x": -85.94, "y": 8.58 }
				]
			},
			"seed-bullet-3-pivot": {
				"rotate": [
					{ "curve": "stepped" },
					{ "time": 0.3333 },
					{ "time": 0.4333, "angle": -120 },
					{ "time": 0.5333, "angle": 120 },
					{ "time": 0.6333 },
					{ "time": 0.7333, "angle": -120 },
					{ "time": 0.8333, "angle": 120 }
				],
				"translate": [
					{ "x": -226.19, "curve": "stepped" },
					{ "time": 0.3333, "x": -226.19, "curve": 0.617, "c4": 0.4 },
					{ "time": 0.4, "x": -226.19, "y": -8.25, "curve": 0, "c2": 0.2, "c3": 0.694 },
					{ "time": 0.6, "x": -157.87, "y": -81, "curve": 0.281, "c4": 0.8 },
					{ "time": 0.8, "x": -120.14, "y": -128.58 }
				]
			},
			"seed-bullet-4-pivot": {
				"rotate": [
					{ "time": 0.5667 },
					{ "time": 0.6667, "angle": 120 },
					{ "time": 0.7667, "angle": -120 },
					{ "time": 0.8667 },
					{ "time": 1, "angle": 120 }
				],
				"translate": [
					{ "x": -284.81, "y": 7.49, "curve": "stepped" },
					{ "time": 0.5, "x": -284.81, "y": 7.49, "curve": 0.617, "c4": 0.4 },
					{ "time": 0.5667, "x": -269.82, "y": 7.49, "curve": 0, "c2": 0.2, "c3": 0.694 },
					{ "time": 0.7667, "x": -373.25, "y": -37.47, "curve": 0.315, "c4": 0.8 },
					{ "time": 1, "x": -432.72, "y": -123.77 }
				]
			}
		},
		"events": [
			{ "time": 0.3333, "name": "hit" }
		]
	}
}
}