{"skeleton":{"hash":"CXdxm8QhykA7HIxvPwMVUFvQcxI","spine":"3.8.79","x":-123,"y":-121.5,"width":246,"height":243,"images":"./images/","audio":""},"bones":[{"name":"root","y":-127.26},{"name":"backfire-catapult","parent":"root","y":127.26}],"slots":[{"name":"backfire-catapult","bone":"backfire-catapult","attachment":"backfire-catapult"}],"skins":[{"name":"default","attachments":{"backfire-catapult":{"backfire-catapult":{"width":246,"height":243}}}}],"animations":{"fly":{"bones":{"backfire-catapult":{"rotate":[{},{"time":0.3333,"angle":120},{"time":0.6667,"angle":-120},{"time":1}]}}}}}