{
"skeleton": {
	"hash": "kdtOMfvDEgH6vITSoMjeLQnBXhA",
	"spine": "3.8.79",
	"x": -185.22,
	"y": -58.03,
	"width": 256.1,
	"height": 120.9,
	"images": "./images/",
	"audio": ""
},
"bones": [
	{ "name": "root", "y": -95.64 },
	{ "name": "venom-spray-1", "parent": "root", "y": 95.64, "scaleX": 1.3, "scaleY": 1.3 }
],
"slots": [
	{ "name": "venom-spray-1", "bone": "venom-spray-1", "attachment": "venom-spray-3" }
],
"skins": [
	{
		"name": "default",
		"attachments": {
			"venom-spray-1": {
				"venom-spray-1": { "x": -43.83, "y": 4.89, "width": 197, "height": 103 },
				"venom-spray-2": { "x": -43.99, "y": 2.73, "width": 197, "height": 100 },
				"venom-spray-3": { "x": -43.98, "y": 1.86, "width": 197, "height": 93 },
				"venom-spray-4": { "x": -43.97, "y": 1.43, "width": 197, "height": 98 }
			}
		}
	}
],
"animations": {
	"fly": {
		"slots": {
			"venom-spray-1": {
				"attachment": [
					{ "name": "venom-spray-1" },
					{ "time": 0.1333, "name": "venom-spray-2" },
					{ "time": 0.2333, "name": "venom-spray-3" },
					{ "time": 0.3667, "name": "venom-spray-4" },
					{ "time": 0.5, "name": "venom-spray-1" },
					{ "time": 0.6, "name": "venom-spray-2" },
					{ "time": 0.7333, "name": "venom-spray-3" },
					{ "time": 0.8667, "name": "venom-spray-4" },
					{ "time": 1, "name": "venom-spray-1" }
				]
			}
		}
	}
}
}